{
	"outcomes": [
		{
			"material": {
				"item": "upgrade_aquatic:driftwood_planks"
			},
			"requiredCapabilities": {
				"axe": 1
			},
			"moduleKey": "sword/basic_hilt",
			"moduleVariant": "basic_hilt/driftwood"
		},
		{
			"material": {
				"item": "upgrade_aquatic:river_planks"
			},
			"requiredCapabilities": {
				"axe": 1
			},
			"moduleKey": "sword/basic_hilt",
			"moduleVariant": "basic_hilt/river"
		},
		{
			"material": {
				"item": "upgrade_aquatic:prismarine_rod"
			},
			"requiredCapabilities": {
				"hammer": 4
			},
			"moduleKey": "sword/basic_hilt",
			"moduleVariant": "basic_hilt/prismarine"
		}
	]
}