{
	"outcomes": [
		{
			"material": {
				"item": "upgrade_aquatic:driftwood_planks"
			},
			"requiredCapabilities": {
				"axe": 1
			},
			"moduleKey": "single/basic_handle",
			"moduleVariant": "basic_handle/driftwood"
		},
		{
			"material": {
				"item": "upgrade_aquatic:river_planks"
			},
			"requiredCapabilities": {
				"axe": 1
			},
			"moduleKey": "single/basic_handle",
			"moduleVariant": "basic_handle/river"
		},
		{
			"material": {
				"item": "upgrade_aquatic:prismarine_rod"
			},
			"requiredCapabilities": {
				"hammer": 4
			},
			"moduleKey": "single/basic_handle",
			"moduleVariant": "basic_handle/prismarine_rod"
		}
	]
}