{
	"outcomes": [
		{
			"material": {
				"item": "upgrade_aquatic:driftwood_planks",
				"count": 1
			},
			"requiredCapabilities": {
				"axe": 2
			},
			"moduleKey": "sword/forefinger_ring",
			"moduleVariant": "forefinger_ring/driftwood"
		},
		{
			"material": {
				"item": "upgrade_aquatic:river_planks",
				"count": 1
			},
			"requiredCapabilities": {
				"axe": 2
			},
			"moduleKey": "sword/forefinger_ring",
			"moduleVariant": "forefinger_ring/river"
		}
	]
}