{
	"outcomes": [
		{
			"material": {
				"item": "upgrade_aquatic:driftwood_planks",
				"count": 2
			},
			"requiredCapabilities": {
				"axe": 2
			},
			"moduleKey": "sword/reinforced_fuller",
			"moduleVariant": "reinforced_fuller/driftwood"
		},
		{
			"material": {
				"item": "upgrade_aquatic:river_planks",
				"count": 2
			},
			"requiredCapabilities": {
				"axe": 2
			},
			"moduleKey": "sword/reinforced_fuller",
			"moduleVariant": "reinforced_fuller/river"
		}
	]
}