{
	"variants": [
		{
			"key": "light_handle/driftwood",
			"durability": 24,
			"integrity": 4,
			"magicCapacity": 132,
			"attackSpeed": -0.2,
			"effects": {
				"throwable": 1
			},
			"glyph": {
				"tint": "5d574e",
				"textureX": 16
			},
			"models": [{
				"location": "tetra:items/module/single/handle/light/default",
				"tint": "5d574e"
			}]
		},
		{
			"key": "light_handle/river",
			"durability": 24,
			"integrity": 4,
			"magicCapacity": 102,
			"attackSpeed": 0.1,
			"effects": {
				"throwable": 1
			},
			"glyph": {
				"tint": "6d543b",
				"textureX": 16
			},
			"models": [{
				"location": "tetra:items/module/single/handle/light/default",
				"tint": "6d543b"
			}]
		},
		{
			"key": "light_handle/prismarine_rod",
			"durability": 160,
			"integrity": 3,
			"magicCapacity": 102,
			"attackSpeed": -0.2,
			"effects": {
				"throwable": 1
			},
			"glyph": {
				"tint": "prismarine_glyph",
				"textureX": 16
			},
			"models": [{
				"location": "tetra:items/module/double/handle/basic/default",
				"tint": "prismarine_dark"
			}]
		}
	]
}