{
	"variants": [
		{
			"key": "spearhead/driftwood",
			"durability": 48,
			"integrity": -1,
			"magicCapacity": 132,
			"damage": 6,
			"attackSpeed": 0.2,
			"glyph": {
				"textureX": 208,
				"textureY": 32,
				"tint": "5d574e"
			},
			"models": [{
				"location": "tetra:items/module/single/head/spearhead/crude",
				"tint": "5d574e"
			}]
		},
		{
			"key": "spearhead/river",
			"durability": 48,
			"integrity": -1,
			"magicCapacity": 90,
			"damage": 6,
			"attackSpeed": 0.3,
			"glyph": {
				"textureX": 208,
				"textureY": 32,
				"tint": "6d543b"
			},
			"models": [{
				"location": "tetra:items/module/single/head/spearhead/crude",
				"tint": "6d543b"
			}]
		},
		{
			"key": "spearhead/thrasher",
			"durability": 64,
			"integrity": -1,
			"magicCapacity": 90,
			"damage": 6,
			"attackSpeed": 0.2,
			"glyph": {
				"textureX": 208,
				"textureY": 32,
				"tint": "fcfcfc"
			},
			"models": [{
				"location": "tetra:items/module/single/head/spearhead/thrasher",
				"tint": "fcfcfc"
			}]
		}
	]
}