{
	"variants": [
		{
			"key": "long_stave/driftwood",
			"integrity": -2,
			"durability": 134,
			"magicCapacity": 132,
			"damage": 15,
			"attackSpeed": 2.4,
			"effects": {
				"overbowed": [
					40,
					0.5
				]
			},
			"glyph": {
				"tint": "5d574e",
				"textureX": 144,
				"textureY": 32
			},
			"models": [
				{
					"location": "tetra:items/module/bow/stave/long/crude",
					"tint": "5d574e"
				},
				{
					"type": "draw_0",
					"location": "tetra:items/module/bow/stave/long/crude",
					"tint": "5d574e"
				},
				{
					"type": "draw_1",
					"location": "tetra:items/module/bow/stave/long/crude_1",
					"tint": "5d574e"
				},
				{
					"type": "draw_2",
					"location": "tetra:items/module/bow/stave/long/crude_1",
					"tint": "5d574e"
				}
			]
		},
		{
			"key": "long_stave/river",
			"integrity": -2,
			"durability": 134,
			"magicCapacity": 102,
			"damage": 15,
			"attackSpeed": 2.8,
			"effects": {
				"overbowed": [
					40,
					0.5
				]
			},
			"glyph": {
				"tint": "6d543b",
				"textureX": 144,
				"textureY": 32
			},
			"models": [
				{
					"location": "tetra:items/module/bow/stave/long/crude",
					"tint": "6d543b"
				},
				{
					"type": "draw_0",
					"location": "tetra:items/module/bow/stave/long/crude",
					"tint": "6d543b"
				},
				{
					"type": "draw_1",
					"location": "tetra:items/module/bow/stave/long/crude_1",
					"tint": "6d543b"
				},
				{
					"type": "draw_2",
					"location": "tetra:items/module/bow/stave/long/crude_1",
					"tint": "6d543b"
				}
			]
		}
	]
}