{
	"variants": [
		{
			"key": "forefinger_ring/driftwood",
			"durability": 8,
			"integrity": -1,
			"effects": {
				"quickStrike": 4
			},
			"glyph": {
				"tint": "5d574e",
				"textureX": 48,
				"textureY": 16
			},
			"models": [{
				"location": "tetra:items/module/sword/guard/forefinger_ring/default",
				"tint": "5d574e"
			}]
		},
		{
			"key": "forefinger_ring/river",
			"durability": 8,
			"integrity": -1,
			"attackSpeed": 0.2,
			"effects": {
				"quickStrike": 5
			},
			"glyph": {
				"tint": "6d543b",
				"textureX": 48,
				"textureY": 16
			},
			"models": [{
				"location": "tetra:items/module/sword/guard/forefinger_ring/default",
				"tint": "6d543b"
			}]
		}
	]
}