{
	"variants": [
		{
			"key": "reinforced_fuller/driftwood",
			"durability": 16,
			"integrity": 1,
			"attackSpeed": -0.7,
			"effects": {
				"unbreaking": 1
			},
			"glyph": {
				"tint": "5d574e",
				"textureX": 72,
				"textureY": 16
			},
			"models": [{
				"location": "tetra:items/module/sword/fuller/reinforced_fuller/default",
				"tint": "5d574e"
			}]
		},
		{
			"key": "reinforced_fuller/river",
			"durability": 16,
			"integrity": 1,
			"attackSpeed": -0.5,
			"effects": {
				"unbreaking": 1
			},
			"glyph": {
				"tint": "6d543b",
				"textureX": 72,
				"textureY": 16
			},
			"models": [{
				"location": "tetra:items/module/sword/fuller/reinforced_fuller/default",
				"tint": "6d543b"
			}]
		}
	]
}